player_id,player,team,headshot,season,games,plays,cum_epa,passing_epa,rushing_epa,dakota,rating,cpoe,completions,attempts,passing_yards,passing_tds,interceptions,sacks,sack_yards,sack_fumbles,sack_fumbles_lost,passing_air_yards,passing_yards_after_catch,passing_first_downs,throwaways,drops,on_tgt_throws,bad_throws,batted_balls,avg_tt,nfl_tt,times_blitzed,times_hurried,times_hit,times_pressured,carries,rushing_yards,rushing_tds,rushing_fumbles,rushing_fumbles_lost,rushing_first_downs,pressure2sack
00-0033873,Patrick Mahomes,KC,"https://static.www.nfl.com/image/private/f_auto,q_auto/league/vs40h82nvqaqvyephwwu",2022,20,827,234.631251,221.4491702,23.8937835,0.181668736,105.156893,-0.112954647,507,748,5953,48,12,29,199,2,1,5310,3205,312,31,32,455,93,8,2.892575617,2.803588907,152,52,54,130,73,418,4,5,0,29,0.223076923
00-0034857,Josh Allen,BUF,"https://static.www.nfl.com/image/private/f_auto,q_auto/league/btfnqtymqsqgybnv4u6n",2022,18,800,139.944684,88.14418271,43.2580572,0.126014625,96.60861258,-0.884225015,407,648,4900,38,17,41,201,8,4,6211,1773,242,18,34,381,85,14,2.872,2.803588907,140,39,39,109,136,808,8,8,2,60,0.376146789
00-0036389,Jalen Hurts,PHI,"https://static.www.nfl.com/image/private/f_auto,q_auto/league/iv04omcunr78zezpnf8t",2022,18,761,110.7734684,90.34372721,54.13588178,0.145820328,101.548913,2.817087609,365,547,4280,25,6,42,239,5,2,4525,2022,190,19,21,319,55,12,2.755126087,2.803588907,151,33,22,90,200,903,18,6,1,84,0.466666667
00-0036442,Joe Burrow,CIN,"https://static.www.nfl.com/image/private/f_auto,q_auto/league/pbl27kxsr5ulgxmvtvfn",2022,19,821,106.2264432,102.9029398,6.836248103,0.126898109,100.7838284,2.195177374,486,715,5196,39,14,51,319,6,3,4868,2497,255,15,26,434,69,23,2.549940496,2.803588907,106,21,47,107,90,327,6,0,0,33,0.476635514
00-0036212,Tua Tagovailoa,MIA,"https://static.www.nfl.com/image/private/f_auto,q_auto/league/dyrrl1knhcxqjwuvhcwm",2022,13,431,86.00666747,97.36823343,-9.164482241,0.14808405,105.5,-0.371737385,259,400,3548,25,8,21,163,4,1,3826,1281,162,13,26,296,61,6,2.598348371,2.803588907,86,40,25,86,24,70,0,2,0,4,0.244186047
00-0033106,Jared Goff,DET,"https://static.www.nfl.com/image/private/f_auto,q_auto/league/s4hzfab5iglq2tmjb0xy",2022,17,621,81.46407697,100.9646757,-17.09331808,0.108855271,99.31501988,-2.458461233,382,587,4438,29,7,23,156,5,3,4132,2287,227,26,29,398,91,11,2.751948805,2.803588907,173,40,51,113,29,73,0,2,1,5,0.203539823
00-0036971,Trevor Lawrence,JAX,"https://static.www.nfl.com/image/private/f_auto,q_auto/league/nel2x2crpaasltsb6vwj",2022,19,754,69.02344213,77.62837668,-1.528522082,0.093755874,95.21261416,-0.528687084,439,670,4618,30,13,31,211,7,5,4971,2233,235,14,36,410,81,16,2.58761512,2.803588907,146,45,36,107,66,325,5,5,4,30,0.289719626
00-0033077,Dak Prescott,DAL,"https://static.www.nfl.com/image/private/f_auto,q_auto/league/ofhu8bvafse5folcjzyu",2022,14,524,67.99389963,59.65786855,13.34916497,0.122511123,91.12732657,1.20657668,309,464,3371,28,17,22,134,3,0,3806,1410,167,4,20,275,56,4,2.721258883,2.803588907,99,27,35,81,56,228,2,1,1,23,0.271604938
00-0035710,Daniel Jones,NYG,"https://static.www.nfl.com/image/private/f_auto,q_auto/league/af6nbjqa6qubnu8oi4ms",2022,18,699,52.80145898,19.05739137,48.94373627,0.095304664,92.52295198,1.630883358,356,534,3641,17,6,52,281,5,2,3446,1829,179,24,29,359,54,11,2.899329764,2.803588907,137,46,53,143,143,810,7,2,1,66,0.363636364
00-0031345,Jimmy Garoppolo,SF,"https://static.www.nfl.com/image/private/f_auto,q_auto/league/fuepwtifp7wd9grpzvwb",2022,11,337,51.45753179,75.50642052,-3.066392078,0.130245437,102.9626623,-2.071801109,207,308,2437,16,4,18,100,1,1,2114,1447,114,2,21,228,39,10,2.657233766,2.803588907,87,9,24,51,23,33,2,1,1,11,0.352941176
00-0034796,Lamar Jackson,BAL,"https://static.www.nfl.com/image/private/f_auto,q_auto/league/gylnuxkxgm3zd4j0d0ku",2022,12,446,46.69352495,9.427335526,39.7721011,0.083833251,91.06595092,-2.407130695,203,326,2242,17,7,26,114,3,1,2752,971,105,16,26,233,56,8,2.999116923,2.803588907,125,32,15,73,112,764,3,2,1,47,0.356164384
00-0033119,Jacoby Brissett,CLE,"https://static.www.nfl.com/image/private/f_auto,q_auto/league/z12an2n54jj6ycouwg9h",2022,14,430,33.50901774,19.69263232,19.83640926,0.104568863,88.89453478,2.319208641,236,369,2608,12,6,24,160,5,3,3154,1095,129,16,25,265,48,5,2.889234973,2.803588907,101,39,39,102,49,243,2,1,1,28,0.235294118
00-0019596,Tom Brady,TB,"https://static.www.nfl.com/image/private/f_auto,q_auto/league/q7dpdlxyu5rs05rgh1le",2022,18,835,25.81308544,58.22148265,-20.46932075,0.071237316,90.72589814,-1.307418358,525,799,5045,27,10,24,177,4,2,5304,2507,257,20,30,510,111,11,2.44889589,2.803588907,116,23,48,93,29,-1,1,2,2,5,0.258064516
00-0036355,Justin Herbert,LAC,"https://static.www.nfl.com/image/private/f_auto,q_auto/league/qknkhe4w6liovjubzmnh",2022,18,810,23.55959978,31.10417204,10.09929357,0.080214147,93.15987124,1.465034752,502,742,5012,26,10,41,226,5,3,4728,2643,241,24,34,483,84,23,2.862355811,2.803588907,169,51,71,159,57,159,0,4,0,18,0.257861635
00-0030565,Geno Smith,SEA,"https://static.www.nfl.com/image/private/f_auto,q_auto/league/vxnzv7tz7ntlmpthfb42",2022,18,703,22.12344407,32.53346699,2.590004633,0.117788349,100.8741259,4.424633597,424,607,4535,32,12,49,373,6,3,4651,1853,220,18,17,411,60,11,2.810003503,2.803588907,157,34,61,138,72,394,1,3,2,26,0.355072464
00-0034869,Sam Darnold,CAR,"https://static.www.nfl.com/image/private/f_auto,q_auto/league/rmjuft9a2mmkka1steof",2022,6,168,20.30841013,21.0726854,-4.005501882,0.133703324,92.64880952,2.868718782,82,140,1143,7,3,10,78,1,1,1111,580,57,14,5,72,11,0,3.236890511,2.803588907,41,6,7,21,26,106,2,4,1,10,0.476190476
00-0029604,Kirk Cousins,MIN,"https://static.www.nfl.com/image/private/f_auto,q_auto/league/h9ndf9ralxifgjvot2q4",2022,18,738,18.6107297,30.71247019,1.850267394,0.089501587,92.46047175,1.639642848,455,682,4820,31,14,46,329,5,3,5079,2094,246,27,24,451,90,14,2.83061875,2.803588907,154,35,84,165,32,98,3,2,0,12,0.278787879
00-0031280,Derek Carr,LV,"https://static.www.nfl.com/image/private/f_auto,q_auto/league/l1eqjrajbnisr91dmlcl",2022,15,543,9.487450248,29.29558385,1.731023923,0.067576763,86.26328021,-1.25466831,305,502,3522,24,14,27,191,3,0,4585,1513,161,27,25,342,95,11,2.927071713,2.803588907,119,33,40,100,24,102,0,1,0,10,0.27
00-0038102,Kenny Pickett,PIT,"https://static.www.nfl.com/image/private/f_auto,q_auto/league/vbabaquryx2jw1uahay2",2022,13,461,6.516694561,-11.06570677,9.78099423,0.060582198,76.67630677,-0.524724691,245,389,2404,7,9,27,182,1,1,2921,1073,123,18,13,235,55,4,2.981806701,2.803588907,82,30,28,84,55,237,3,3,0,23,0.321428571
00-0027973,Andy Dalton,NO,"https://static.www.nfl.com/image/private/f_auto,q_auto/league/yhkh8vtc5ocjo3iyn9ug",2022,14,419,0.357693641,17.99059704,-8.735762505,0.072441984,95.23809524,0.778964467,252,378,2871,18,9,25,189,4,1,2971,1328,135,14,21,265,40,9,2.623013228,2.803588907,91,14,19,57,30,54,0,1,0,6,0.438596491
00-0034855,Baker Mayfield,LA,"https://static.www.nfl.com/image/private/f_auto,q_auto/league/aztmh1hzf253ntkzjgkn",2022,12,151,-11.52274645,-50.34169718,-7.133565691,-0.014062821,78.98631841,-6.855315028,201,335,2163,10,8,36,217,4,1,2271,1132,94,13,16,209,54,15,2.818392216,2.803588907,104,23,17,71,31,89,1,5,1,7,0.507042254
00-0036945,Justin Fields,CHI,"https://static.www.nfl.com/image/private/f_auto,q_auto/league/wllk6sizrqmxhcjavard",2022,15,516,-17.27907902,-65.77124912,65.18292775,0.045327118,85.18081761,-5.160307594,192,318,2242,17,11,55,359,7,2,2893,954,91,13,16,218,58,12,3.121861635,2.803588907,102,33,31,119,160,1143,8,8,0,65,0.462184874
00-0023459,Aaron Rodgers,GB,"https://static.www.nfl.com/image/private/f_auto,q_auto/league/mee42twdk3qpcdotzdka",2022,17,587,-20.35710303,-6.309945536,-7.814973869,0.06848246,91.06703567,-1.560197382,350,542,3695,26,12,32,258,4,2,4341,1879,177,24,35,393,73,8,2.69702037,2.803588907,129,34,34,98,34,94,1,2,2,9,0.326530612
00-0032950,Carson Wentz,WAS,"https://static.www.nfl.com/image/private/f_auto,q_auto/league/indtay8ngoq8ubhhydbp",2022,8,323,-29.46418249,-37.29265214,6.07498571,0.010250168,80.20833333,-4.223533602,172,276,1755,11,9,26,159,4,1,2147,826,85,6,16,192,53,8,2.598282609,2.803588907,84,15,29,70,22,86,1,2,0,4,0.371428571
00-0037013,Zach Wilson,NYJ,"https://static.www.nfl.com/image/private/f_auto,q_auto/league/gr2wm3rg1bcgtpj58i7l",2022,9,283,-31.53518407,-36.21105495,-0.103486442,-0.003340386,72.81336088,-6.146077843,132,242,1688,6,7,23,175,1,1,2180,810,73,20,11,149,56,5,3.126942149,2.803588907,94,36,15,74,28,102,1,0,0,7,0.310810811
00-0036972,Mac Jones,NE,"https://static.www.nfl.com/image/private/f_auto,q_auto/league/hhexcwf5oe7onhlemzq9",2022,14,504,-34.90799204,-28.40619021,-4.270541904,0.035597292,84.82277526,-0.992825265,288,442,2997,14,11,34,231,3,1,3454,1436,127,15,21,287,54,8,2.693952273,2.803588907,86,34,25,92,47,102,1,2,0,12,0.369565217
00-0029263,Russell Wilson,DEN,"https://static.www.nfl.com/image/private/f_auto,q_auto/league/gebzv2aljujgleboe4ns",2022,15,584,-38.06049721,-55.99700973,15.22605611,0.040754706,84.41597654,-3.974100494,292,483,3524,16,11,55,368,4,2,4263,1721,142,31,29,317,63,18,2.979948133,2.803588907,127,41,63,157,55,277,3,2,0,21,0.350318471
00-0026143,Matt Ryan,IND,"https://static.www.nfl.com/image/private/f_auto,q_auto/league/s6zam4ekrrnonsck6vak",2022,12,520,-55.576013,-24.76000578,-11.03530025,0.037312384,83.9434201,0.922728584,309,461,3057,14,13,38,287,12,3,2763,1414,156,17,19,340,60,12,2.68625,2.803588907,145,33,51,122,27,70,1,3,2,9,0.31147541
00-0036898,Davis Mills,HOU,"https://static.www.nfl.com/image/private/f_auto,q_auto/league/objv34ak0xhzjvixm5sr",2022,15,531,-73.43322911,-74.33538194,2.149152173,0.006781733,78.78827418,-3.194529792,292,479,3118,17,15,31,244,5,2,3701,1530,135,10,18,305,93,12,2.782920502,2.803588907,116,28,56,114,32,108,2,3,1,8,0.271929825
00-0035228,Kyler Murray,ARI,"https://static.www.nfl.com/image/private/f_auto,q_auto/league/nkb9x92lbea6ayknzoba",2022,11,476,5.048786382,-18.24684329,11.48374735,0.051252229,87.21153846,-0.97202144,259,390,2368,14,7,25,192,3,0,2673,1254,119,16,22,289,44,9,2.653268734,2.803588907,89,42,15,82,67,418,3,4,2,23,0.304878049
00-0032268,Marcus Mariota,ATL,"https://static.www.nfl.com/image/private/f_auto,q_auto/league/sd59iwjj69atxaqjti1r",2022,13,392,-8.502827276,6.053635507,9.893773447,0.071667294,88.18055556,-1.212093011,184,300,2219,15,9,28,195,4,1,3105,900,111,7,8,204,65,3,2.934371622,2.803588907,101,13,33,74,85,438,4,4,2,30,0.378378378
00-0029701,Ryan Tannehill,TEN,"https://static.www.nfl.com/image/private/f_auto,q_auto/league/ns30g7th6gkhjaeoivgj",2022,12,374,6.438014211,19.71715441,-3.553960903,0.080828614,94.59615385,1.09472101,212,325,2536,14,6,33,238,2,1,2522,1173,116,7,20,235,38,11,2.734271605,2.803588907,105,22,35,90,34,98,2,1,1,12,0.366666667
00-0033873,Patrick Mahomes,KC,"https://static.www.nfl.com/image/private/f_auto,q_auto/league/vs40h82nvqaqvyephwwu",2018,18,712,205.9414619,229.3393187,16.28222016,0.193255754,113.8433908,1.24280071,426,652,5670,53,12,34,242,7,2,6043,2888,262,24,28,0,95,0,2.909602763,2.752563819,127,121,67,214,65,291,3,3,0,20,0.158878505
00-0020531,Drew Brees,NO,"https://static.www.nfl.com/image/private/f_auto,q_auto/league/i20xlpzdmn7xubotijjd",2018,17,593,144.2966996,170.6949642,6.085293641,0.201093066,115.6825153,6.880622732,418,567,4542,36,7,21,146,4,1,4115,2096,225,13,22,0,49,0,2.586188139,2.752563819,137,43,24,84,36,20,4,1,0,12,0.25
00-0022924,Ben Roethlisberger,PIT,"https://static.www.nfl.com/image/private/f_auto,q_auto/league/vziogpnyp9d0xtpiuqhr",2018,16,707,137.375932,142.846189,11.13670306,0.146338451,96.46604938,0.272208038,452,675,5129,34,16,24,166,7,2,5254,2802,248,7,24,0,122,0,2.552903274,2.752563819,164,58,37,119,31,98,3,0,0,13,0.201680672
00-0022942,Philip Rivers,LAC,"https://static.www.nfl.com/image/private/f_auto,q_auto/league/voakyrtj34sghkwxaxxf",2018,18,639,114.8801716,143.9618916,-13.64663437,0.152048196,105.4954068,1.648982381,394,591,4799,35,13,35,225,1,1,4720,2336,237,13,23,0,64,0,2.617966535,2.752563819,151,45,46,123,21,22,0,1,0,2,0.284552846
00-0019596,Tom Brady,NE,"https://static.www.nfl.com/image/private/f_auto,q_auto/league/q7dpdlxyu5rs05rgh1le",2018,19,722,113.1680246,116.4099241,0.674191119,0.124637012,97.66081871,-1.190807153,460,695,5308,31,14,22,156,5,2,5324,2615,255,22,25,0,103,0,2.615713028,2.752563819,108,48,39,108,28,31,2,0,0,10,0.203703704
00-0026143,Matt Ryan,ATL,"https://static.www.nfl.com/image/private/f_auto,q_auto/league/s6zam4ekrrnonsck6vak",2018,16,671,104.5477053,122.1482406,5.847890805,0.164346823,107.3739035,4.087795736,422,608,4924,35,7,42,296,9,5,5201,2133,237,18,36,0,79,0,2.680385502,2.752563819,201,53,48,143,33,125,3,0,0,15,0.293706294
00-0033106,Jared Goff,LA,"https://static.www.nfl.com/image/private/f_auto,q_auto/league/s4hzfab5iglq2tmjb0xy",2018,19,730,99.16358038,108.2323583,-11.44664645,0.108929818,101.0732323,0.572672892,423,667,5400,33,14,38,262,9,5,5768,2394,268,29,13,0,93,0,2.949615385,2.752563819,151,66,34,133,52,130,2,4,0,12,0.285714286
00-0029263,Russell Wilson,SEA,"https://static.www.nfl.com/image/private/f_auto,q_auto/league/gebzv2aljujgleboe4ns",2018,17,534,83.61126644,66.59545031,17.99648786,0.166000146,110.8655347,4.199481005,298,454,3681,36,7,52,362,7,2,4057,1483,162,24,18,0,61,0,3.016260143,2.752563819,145,82,31,164,70,390,1,3,0,25,0.317073171
00-0033869,Mitchell Trubisky,CHI,"https://static.www.nfl.com/image/private/f_auto,q_auto/league/wx17o0eu4hffytrbdjgl",2018,15,558,74.06506359,55.95783039,26.04958133,0.129250364,95.43010753,1.720317836,315,477,3526,25,12,26,155,5,2,4305,1479,163,10,11,0,78,0,2.659725173,2.752563819,120,59,18,101,71,430,3,1,1,29,0.257425743
00-0023459,Aaron Rodgers,GB,"https://static.www.nfl.com/image/private/f_auto,q_auto/league/mee42twdk3qpcdotzdka",2018,16,677,73.93276121,52.81809844,21.60011717,0.088821823,97.57467895,-1.140221908,372,597,4442,25,2,49,353,4,3,5241,2134,200,48,27,0,106,0,2.949667227,2.752563819,153,90,38,177,43,269,2,2,0,20,0.276836158
00-0029668,Andrew Luck,IND,"https://static.www.nfl.com/image/private/f_auto,q_auto/league/ojix2ha2u58zqozaw756",2018,18,752,68.8361235,100.0515379,-9.36030872,0.107266941,98.67305686,0.889959776,468,707,5018,42,16,21,158,6,2,5406,2064,260,8,37,0,88,0,2.631750392,2.752563819,154,50,51,119,56,194,0,1,0,14,0.176470588
00-0033537,Deshaun Watson,HOU,"https://static.www.nfl.com/image/private/f_auto,q_auto/league/otfs2docj6eahaebo5xn",2018,17,705,48.01674302,48.53469881,15.78233243,0.112610751,103.1146865,2.828824157,374,554,4400,27,10,65,402,6,2,4672,1892,215,13,17,0,84,0,3.011364729,2.752563819,163,77,59,198,107,627,5,3,1,37,0.328282828
00-0027939,Cam Newton,CAR,"https://static.www.nfl.com/image/private/f_auto,q_auto/league/zwmgw2gmnn2kch4nquft",2018,14,581,47.04819274,32.13335892,10.19103567,0.099575099,94.21886058,2.542135433,320,471,3395,24,13,29,213,3,0,3380,1743,180,16,24,0,62,0,2.693275641,2.752563819,135,49,22,100,101,488,4,2,0,36,0.29
00-0031503,Jameis Winston,TB,"https://static.www.nfl.com/image/private/f_auto,q_auto/league/dccgvojszpt06iwtmgv7",2018,11,441,45.45467113,46.53639022,13.51150681,0.130767902,90.17857143,1.665215531,244,378,2992,19,14,27,157,3,2,4086,895,152,5,18,0,60,0,2.801374005,2.752563819,84,43,29,99,49,281,1,4,1,19,0.272727273
00-0033077,Dak Prescott,DAL,"https://static.www.nfl.com/image/private/f_auto,q_auto/league/ofhu8bvafse5folcjzyu",2018,18,707,44.47647769,28.67635594,17.08342856,0.083328137,96.86311787,1.478092783,398,591,4377,24,9,58,365,8,5,4452,2110,206,13,22,0,89,0,2.823998099,2.752563819,168,73,49,178,83,337,8,4,1,30,0.325842697
00-0032950,Carson Wentz,PHI,"https://static.www.nfl.com/image/private/f_auto,q_auto/league/indtay8ngoq8ubhhydbp",2018,11,449,37.17394805,36.21209487,-1.795956505,0.122575568,102.1872402,2.931116145,279,401,3074,21,7,31,202,9,6,3120,1397,159,3,15,0,57,0,2.663390977,2.752563819,124,44,31,106,34,93,0,0,0,9,0.29245283
00-0022803,Eli Manning,NYG,"https://static.www.nfl.com/image/private/f_auto,q_auto/league/w51tf8uedjftbr4qpaex",2018,16,635,26.08287907,27.83334421,6.784902483,0.078855945,92.35387731,-1.551162007,380,576,4299,21,11,47,358,7,4,4229,2162,206,9,24,0,94,0,2.646937391,2.752563819,122,64,41,152,15,20,1,0,0,5,0.309210526
00-0026158,Joe Flacco,BAL,"https://static.www.nfl.com/image/private/f_auto,q_auto/league/zg6azyjniovtgb7vdssz",2018,9,406,19.28873401,19.17978336,0.174755845,0.070556857,84.15237467,-3.081766638,232,379,2465,12,6,16,79,2,1,3237,1015,122,9,22,0,65,0,2.713359043,2.752563819,116,47,22,85,19,45,0,1,0,10,0.188235294
00-0033319,Nick Mullens,SF,"https://static.www.nfl.com/image/private/f_auto,q_auto/league/mpchc6rhn3xclnzjkktl",2018,8,290,16.51024889,31.11742121,-9.033393812,0.112880028,90.84549878,-1.481790951,176,274,2277,13,10,17,127,1,0,1900,1220,106,13,12,0,34,0,2.697492593,2.752563819,79,32,41,90,18,-16,0,1,0,1,0.188888889
00-0027973,Andy Dalton,CIN,"https://static.www.nfl.com/image/private/f_auto,q_auto/league/yhkh8vtc5ocjo3iyn9ug",2018,11,394,16.40935928,27.37702386,-3.237778377,0.079223514,89.59474886,-0.908206388,226,365,2566,21,11,21,157,1,0,2947,1142,132,9,18,0,55,0,2.608201657,2.752563819,100,54,15,90,16,99,0,0,0,4,0.233333333
00-0034855,Baker Mayfield,CLE,"https://static.www.nfl.com/image/private/f_auto,q_auto/league/aztmh1hzf253ntkzjgkn",2018,14,535,15.44098759,37.93704157,-9.44647409,0.08933743,93.68998628,-0.661102403,310,486,3725,27,14,25,173,4,2,4515,1696,171,13,31,0,81,0,2.791886128,2.752563819,169,84,18,127,39,131,0,3,1,8,0.196850394
00-0032268,Marcus Mariota,TEN,"https://static.www.nfl.com/image/private/f_auto,q_auto/league/sd59iwjj69atxaqjti1r",2018,14,427,13.60343015,9.161828941,9.620992578,0.093352688,92.31495468,0.778840642,228,331,2528,11,8,42,243,5,1,2516,1266,121,12,15,0,53,0,2.682685801,2.752563819,108,59,14,115,64,357,2,3,1,26,0.365217391
00-0023436,Alex Smith,WAS,"https://static.www.nfl.com/image/private/f_auto,q_auto/league/dpa5d1a8jj6jdymocjkx",2018,10,375,1.12363869,-6.617012405,11.92796119,0.059417178,85.67073171,0.049369544,205,328,2180,10,5,22,121,3,1,2650,975,106,14,15,0,56,0,2.789763804,2.752563819,82,51,23,96,41,168,1,3,0,15,0.229166667
00-0031280,Derek Carr,LV,"https://static.www.nfl.com/image/private/f_auto,q_auto/league/l1eqjrajbnisr91dmlcl",2018,16,607,-0.802652388,-1.205846959,-3.560366088,0.081604359,93.92329717,0.45330912,381,553,4049,19,10,51,299,11,7,3778,1994,197,21,33,0,66,0,2.552593407,2.752563819,141,69,28,148,24,47,1,1,0,5,0.344594595
00-0026498,Matthew Stafford,DET,"https://static.www.nfl.com/image/private/f_auto,q_auto/league/eteieq8zzws1fbcgzbip",2018,16,605,-7.094135271,10.25643239,-7.474139096,0.062611286,89.89864865,-0.433533345,367,555,3777,21,11,40,255,5,3,3836,2030,198,15,29,0,94,0,2.636787004,2.752563819,165,56,34,130,25,71,0,1,1,8,0.307692308
00-0028986,Case Keenum,DEN,"https://static.www.nfl.com/image/private/f_auto,q_auto/league/tymwoe3wpwzln78uzbvu",2018,16,624,-23.99934234,-16.75075837,4.119380885,0.038838676,81.22155859,-2.479993808,365,586,3890,18,15,34,235,8,1,4369,1795,179,35,34,0,95,0,2.684520548,2.752563819,180,77,51,162,26,93,2,3,1,11,0.209876543
00-0031407,Blake Bortles,JAX,"https://static.www.nfl.com/image/private/f_auto,q_auto/league/jvoui3bptgsfvgkz5e1b",2018,13,478,-26.3716625,-22.41252093,15.99769853,0.010998829,79.81286187,-7.514106887,243,403,2718,13,11,31,173,5,2,2889,1480,128,12,24,0,70,0,2.763719603,2.752563819,128,30,31,92,58,365,1,3,2,28,0.336956522
00-0034869,Sam Darnold,NYJ,"https://static.www.nfl.com/image/private/f_auto,q_auto/league/rmjuft9a2mmkka1steof",2018,13,469,-28.65045339,-12.94801511,-6.151176551,0.026979825,77.61674718,-2.704121231,239,414,2865,17,15,30,204,1,1,3832,1278,130,24,19,0,75,0,2.907946731,2.752563819,107,69,12,111,44,138,1,4,1,16,0.27027027
00-0029604,Kirk Cousins,MIN,"https://static.www.nfl.com/image/private/f_auto,q_auto/league/h9ndf9ralxifgjvot2q4",2018,16,677,-29.58317362,-12.06167924,-22.55701792,0.066025934,99.70434543,4.121982644,425,606,4298,30,10,40,262,5,5,4396,1947,218,17,25,0,68,0,2.73712272,2.752563819,143,97,39,176,44,123,1,5,2,12,0.227272727
00-0034857,Josh Allen,BUF,"https://static.www.nfl.com/image/private/f_auto,q_auto/league/btfnqtymqsqgybnv4u6n",2018,12,414,-31.28211815,-40.83457613,33.82010488,0.01247095,67.890625,-7.717672279,169,320,2074,10,12,28,213,3,1,3504,948,89,17,18,0,78,0,3.217784375,2.752563819,126,54,33,115,89,631,8,5,1,41,0.243478261
00-0029701,Ryan Tannehill,MIA,"https://static.www.nfl.com/image/private/f_auto,q_auto/league/ns30g7th6gkhjaeoivgj",2018,11,326,-53.60131491,-55.68338442,-10.76178562,0.018966029,92.70072993,-1.12454281,176,274,1979,17,9,35,279,4,3,2229,1071,92,9,11,0,41,0,2.648553114,2.752563819,97,30,32,97,32,145,0,1,1,9,0.360824742
00-0034343,Josh Rosen,ARI,"https://static.www.nfl.com/image/private/f_auto,q_auto/league/nqycxzi8tkcyauk55mj8",2018,14,449,-156.7361744,-151.6857117,3.882553988,-0.018082841,66.735581,-4.492502544,217,393,2278,11,14,45,320,7,5,3262,977,112,22,21,0,76,0,2.765846939,2.752563819,106,39,38,122,23,138,0,3,0,8,0.368852459
00-0033873,Patrick Mahomes,KC,"https://static.www.nfl.com/image/private/f_auto,q_auto/league/vs40h82nvqaqvyephwwu",2019,17,654,203.4881405,174.2408634,23.82503263,0.180054189,105.3116391,-0.563061332,391,596,4932,36,7,23,147,4,2,5156,2333,219,19,25,359,85,6,2.816764463,2.786089975,108,54,34,105,67,353,4,2,0,26,0.219047619
00-0034796,Lamar Jackson,BAL,"https://static.www.nfl.com/image/private/f_auto,q_auto/league/gylnuxkxgm3zd4j0d0ku",2019,16,653,184.0595099,133.3842939,56.54480145,0.16850054,113.3364505,0.782517998,296,460,3492,37,8,27,126,1,1,4208,1452,179,11,14,295,68,12,2.918694236,2.786089975,138,31,21,75,196,1349,7,7,2,80,0.36
00-0033077,Dak Prescott,DAL,"https://static.www.nfl.com/image/private/f_auto,q_auto/league/ofhu8bvafse5folcjzyu",2019,16,646,116.1991113,124.5310392,16.77996098,0.132510272,99.69239374,2.45525073,388,596,4902,30,11,23,151,4,2,5613,1880,229,14,36,451,86,9,2.876715966,2.786089975,155,40,57,120,52,277,3,2,0,19,0.191666667
00-0033537,Deshaun Watson,HOU,"https://static.www.nfl.com/image/private/f_auto,q_auto/league/otfs2docj6eahaebo5xn",2019,17,707,90.02750511,84.79888538,24.13684744,0.122631552,97.97558923,1.36139239,384,572,4487,29,12,55,311,4,2,5101,1925,222,15,21,367,80,6,2.816387424,2.786089975,167,47,39,130,102,505,9,7,1,32,0.423076923
00-0029263,Russell Wilson,SEA,"https://static.www.nfl.com/image/private/f_auto,q_auto/league/gebzv2aljujgleboe4ns",2019,18,697,84.35460163,113.9289528,-0.555509583,0.157951497,106.2662127,4.70064904,380,577,4712,33,5,54,338,5,1,5537,1946,215,20,17,376,91,9,2.854608611,2.786089975,221,71,57,176,91,451,3,4,2,24,0.306818182
00-0020531,Drew Brees,NO,"https://static.www.nfl.com/image/private/f_auto,q_auto/league/i20xlpzdmn7xubotijjd",2019,12,421,82.01235899,79.52383425,2.394133842,0.150286692,116.2964191,6.300609007,307,411,3187,28,5,15,120,1,1,2625,1582,170,9,13,306,39,4,2.57283871,2.786089975,114,25,17,54,10,1,1,0,0,2,0.277777778
00-0029701,Ryan Tannehill,TEN,"https://static.www.nfl.com/image/private/f_auto,q_auto/league/ns30g7th6gkhjaeoivgj",2019,15,408,76.91416196,66.02851703,18.63700567,0.171552671,117.4970862,8.040305124,237,346,3111,27,7,36,252,6,3,3307,1393,147,5,9,225,35,6,2.903123675,2.786089975,104,25,24,80,56,220,5,2,0,19,0.45
00-0031345,Jimmy Garoppolo,SF,"https://static.www.nfl.com/image/private/f_auto,q_auto/league/fuepwtifp7wd9grpzvwb",2019,19,600,67.0791666,82.56300554,-14.35846971,0.125625496,102.0308123,1.655780158,366,534,4405,29,16,40,263,5,4,3552,2372,218,7,28,377,64,6,2.652966245,2.786089975,201,41,32,109,56,63,1,5,1,15,0.366972477
00-0031280,Derek Carr,LV,"https://static.www.nfl.com/image/private/f_auto,q_auto/league/l1eqjrajbnisr91dmlcl",2019,16,554,66.99778677,99.1228992,-11.06646567,0.141922219,100.8000325,2.432522963,361,513,4054,21,8,29,184,1,0,3355,2135,191,28,25,399,53,9,2.815710372,2.786089975,107,67,17,113,27,82,2,6,3,7,0.256637168
00-0031503,Jameis Winston,TB,"https://static.www.nfl.com/image/private/f_auto,q_auto/league/dccgvojszpt06iwtmgv7",2019,16,706,63.95422427,42.88715085,5.386714254,0.098381937,84.41,0.027146151,380,626,5109,33,30,47,282,9,4,6481,1885,243,22,23,421,124,11,2.771218299,2.786089975,241,60,54,161,59,250,1,3,1,18,0.291925466
00-0026498,Matthew Stafford,DET,"https://static.www.nfl.com/image/private/f_auto,q_auto/league/eteieq8zzws1fbcgzbip",2019,8,321,62.0815893,69.60849165,-6.597905584,0.139715473,106.0209049,3.371244351,187,291,2499,19,5,18,137,3,2,3109,890,117,5,9,201,59,5,2.685207612,2.786089975,87,23,20,61,20,66,0,2,1,5,0.295081967
00-0023459,Aaron Rodgers,GB,"https://static.www.nfl.com/image/private/f_auto,q_auto/league/mee42twdk3qpcdotzdka",2019,18,697,61.21146455,81.43170343,-4.710007054,0.112930493,95.39030463,-1.713258502,400,635,4571,30,6,41,322,5,3,5561,2294,217,31,24,401,114,3,2.882102113,2.786089975,154,57,45,138,52,197,1,2,2,11,0.297101449
00-0033106,Jared Goff,LA,"https://static.www.nfl.com/image/private/f_auto,q_auto/league/s4hzfab5iglq2tmjb0xy",2019,16,662,56.12062736,62.79175054,-11.81381181,0.074587636,86.60333333,-3.451983533,394,626,4638,22,16,22,170,7,4,4841,2244,220,15,27,437,123,17,2.800408654,2.786089975,219,52,48,122,33,40,2,3,1,5,0.180327869
00-0022942,Philip Rivers,LAC,"https://static.www.nfl.com/image/private/f_auto,q_auto/league/voakyrtj34sghkwxaxxf",2019,16,621,44.23180297,67.68109726,-10.25096856,0.119543652,88.48350254,1.947899733,390,591,4615,23,20,34,222,5,2,5047,2154,217,16,25,439,88,13,2.627821429,2.786089975,114,40,56,130,12,29,0,3,1,2,0.261538462
00-0029604,Kirk Cousins,MIN,"https://static.www.nfl.com/image/private/f_auto,q_auto/league/h9ndf9ralxifgjvot2q4",2019,17,550,42.01143422,84.26253411,-6.413809748,0.134352789,107.4042793,5.668519271,347,504,4017,28,7,36,262,6,3,3829,1965,182,24,17,332,65,9,3.006632054,2.786089975,107,48,30,106,33,62,1,5,0,8,0.339622642
00-0019596,Tom Brady,NE,"https://static.www.nfl.com/image/private/f_auto,q_auto/league/q7dpdlxyu5rs05rgh1le",2019,17,683,36.90909938,28.38065881,0.831918981,0.070508322,87.97920065,-3.146504957,393,650,4266,24,9,27,185,3,1,4942,1997,204,40,34,419,118,6,2.745391517,2.786089975,198,55,37,119,26,34,3,0,0,8,0.226890756
00-0026143,Matt Ryan,ATL,"https://static.www.nfl.com/image/private/f_auto,q_auto/league/s6zam4ekrrnonsck6vak",2019,15,678,32.20717358,20.47053538,11.16085067,0.090836159,92.08603896,1.43996402,408,616,4466,26,14,48,316,8,4,5051,1626,228,27,17,443,86,19,2.773899187,2.786089975,199,54,62,164,34,147,1,1,1,10,0.292682927
00-0032950,Carson Wentz,PHI,"https://static.www.nfl.com/image/private/f_auto,q_auto/league/indtay8ngoq8ubhhydbp",2019,17,697,8.032800206,37.16408619,-8.714505912,0.073889287,93.09788578,-1.427056309,389,611,4042,27,7,38,231,11,4,4913,1810,213,10,28,431,106,16,2.709925743,2.786089975,184,67,53,157,62,243,1,5,3,21,0.242038217
00-0023682,Ryan Fitzpatrick,MIA,"https://static.www.nfl.com/image/private/f_auto,q_auto/league/pkhhxwplsawnhln9rsun",2019,15,580,2.1279998,25.31655399,3.486456117,0.080290297,85.49136786,-1.588138495,311,502,3529,20,13,40,209,3,1,4513,1239,182,7,28,358,87,15,2.608859719,2.786089975,192,48,66,154,54,243,4,5,1,15,0.25974026
00-0033119,Jacoby Brissett,IND,"https://static.www.nfl.com/image/private/f_auto,q_auto/league/z12an2n54jj6ycouwg9h",2019,15,506,-7.992350121,10.94469868,9.501062869,0.064218719,88.04530201,-4.017596648,272,447,2942,18,6,27,159,4,3,3545,1519,143,21,24,315,78,12,2.927283784,2.786089975,135,56,54,137,56,228,4,3,2,20,0.197080292
00-0035228,Kyler Murray,ARI,"https://static.www.nfl.com/image/private/f_auto,q_auto/league/nkb9x92lbea6ayknzoba",2019,16,664,-8.183806444,1.83743911,-0.44547747,0.055845512,87.43081181,-1.495389236,349,542,3722,20,12,48,309,2,0,4055,1846,173,24,17,378,92,18,2.72767658,2.786089975,151,63,16,127,93,544,4,3,2,27,0.377952756
00-0034857,Josh Allen,BUF,"https://static.www.nfl.com/image/private/f_auto,q_auto/league/btfnqtymqsqgybnv4u6n",2019,17,520,-15.42098378,-16.56540268,23.90443951,0.049036724,85.27960526,-3.734460412,295,507,3353,20,9,41,264,8,3,4674,1499,159,25,31,317,88,10,2.852039735,2.786089975,201,45,43,126,118,602,9,8,2,48,0.325396825
00-0028986,Case Keenum,WAS,"https://static.www.nfl.com/image/private/f_auto,q_auto/league/tymwoe3wpwzln78uzbvu",2019,10,267,-16.04092009,-3.21123003,-6.386571975,0.05423539,93.32655827,-0.21754483,160,247,1707,11,5,15,145,4,2,1700,800,83,7,12,173,41,6,2.753696721,2.786089975,64,35,27,77,9,12,1,2,1,2,0.194805195
00-0034855,Baker Mayfield,CLE,"https://static.www.nfl.com/image/private/f_auto,q_auto/league/aztmh1hzf253ntkzjgkn",2019,16,591,-17.08810663,-9.822586194,10.77456515,0.048779762,78.76092385,-3.452408076,317,534,3827,22,21,40,285,4,2,4521,1820,179,19,30,362,93,20,2.784904135,2.786089975,211,65,24,129,28,141,3,2,0,15,0.310077519
00-0034869,Sam Darnold,NYJ,"https://static.www.nfl.com/image/private/f_auto,q_auto/league/rmjuft9a2mmkka1steof",2019,13,487,-21.5295278,-17.47423429,-7.713248122,0.048204967,84.32067271,0.334489167,273,441,3024,19,13,33,212,6,3,3755,1466,147,23,25,313,74,10,2.920507973,2.786089975,166,63,39,135,33,62,2,5,0,6,0.244444444
00-0027973,Andy Dalton,CIN,"https://static.www.nfl.com/image/private/f_auto,q_auto/league/yhkh8vtc5ocjo3iyn9ug",2019,13,571,-22.01486686,-16.00874002,3.399864376,0.03851029,78.26704545,-2.800605002,314,528,3494,16,14,37,249,5,4,4278,1547,170,17,27,362,92,14,2.510345489,2.786089975,188,36,24,97,32,73,4,3,0,12,0.381443299
00-0026158,Joe Flacco,DEN,"https://static.www.nfl.com/image/private/f_auto,q_auto/league/zg6azyjniovtgb7vdssz",2019,8,290,-31.1609827,-23.28120996,2.009120811,0.03685528,85.19230769,-0.564533062,171,262,1822,6,5,26,194,8,3,1777,907,86,12,15,194,40,9,2.623293436,2.786089975,76,41,14,81,12,20,0,0,0,4,0.320987654
00-0034577,Kyle Allen,CAR,"https://static.www.nfl.com/image/private/f_auto,q_auto/league/knnqfa5aerjydk4am47o",2019,13,554,-34.31169591,-28.13840235,-2.123188437,0.037229028,79.98040218,-1.510797758,303,489,3322,17,16,46,397,10,6,4001,1641,188,25,28,353,77,14,2.710461066,2.786089975,131,50,28,124,32,106,2,3,1,9,0.370967742
00-0035710,Daniel Jones,NYG,"https://static.www.nfl.com/image/private/f_auto,q_auto/league/af6nbjqa6qubnu8oi4ms",2019,13,531,-43.55089347,-41.36285704,16.20413619,0.039179913,87.65885984,-0.241083306,284,459,3027,24,12,38,295,12,8,3689,1395,140,12,17,318,80,6,2.843729847,2.786089975,131,48,66,152,45,279,2,5,3,21,0.25
00-0033869,Mitchell Trubisky,CHI,"https://static.www.nfl.com/image/private/f_auto,q_auto/league/wx17o0eu4hffytrbdjgl",2019,15,586,-47.7231839,-36.07620488,-1.078091546,0.025585915,82.94902913,-0.990681141,326,516,3138,17,10,38,234,3,2,4108,1403,156,7,28,377,93,8,2.641591797,2.786089975,140,56,32,126,48,193,2,2,0,12,0.301587302
00-0034771,Mason Rudolph,PIT,"https://static.www.nfl.com/image/private/f_auto,q_auto/league/cfh1ri1tzfrvpn9u94ec",2019,10,308,-47.98477008,-17.35591388,-14.87553767,0.041231782,81.95671378,-0.961715707,176,283,1765,13,9,15,124,4,0,2286,934,80,14,16,192,54,4,2.799120141,2.786089975,113,35,30,80,21,42,0,0,0,6,0.1875
00-0023459,Aaron Rodgers,GB,"https://static.www.nfl.com/image/private/f_auto,q_auto/league/mee42twdk3qpcdotzdka",2020,18,655,201.0956635,211.4440702,0.532011751,0.212490485,121.5304183,4.371352152,428,610,4941,53,6,25,214,1,1,4800,2575,250,23,27,406,69,3,2.724244742,2.742127324,168,33,28,81,42,146,4,3,1,16,0.308641975
00-0033873,Patrick Mahomes,KC,"https://static.www.nfl.com/image/private/f_auto,q_auto/league/vs40h82nvqaqvyephwwu",2020,18,772,191.2432187,201.2178044,18.00750301,0.167406811,108.234127,-0.90710852,466,705,5590,42,8,26,174,4,2,5682,2705,281,20,28,436,100,8,2.888555366,2.742127324,141,62,59,143,75,360,3,2,0,26,0.181818182
00-0034857,Josh Allen,BUF,"https://static.www.nfl.com/image/private/f_auto,q_auto/league/btfnqtymqsqgybnv4u6n",2020,19,812,164.5198488,171.0227667,6.462122355,0.173278731,107.1532634,4.643753938,473,692,5361,42,11,34,253,7,2,5939,2166,272,22,25,435,88,4,3.042491259,2.742127324,244,64,47,137,127,566,9,4,4,45,0.248175182
00-0029701,Ryan Tannehill,TEN,"https://static.www.nfl.com/image/private/f_auto,q_auto/league/ns30g7th6gkhjaeoivgj",2020,17,566,148.4602575,125.6793902,27.36425739,0.180304544,106.5445253,2.359845663,333,507,3984,35,8,25,180,5,1,4212,1599,211,19,20,357,63,8,2.68891684,2.742127324,161,36,61,121,45,272,7,1,0,23,0.20661157
00-0019596,Tom Brady,TB,"https://static.www.nfl.com/image/private/f_auto,q_auto/league/q7dpdlxyu5rs05rgh1le",2020,20,771,139.9676825,174.5509317,-22.62059569,0.163249493,102.1721311,1.310500907,482,748,5694,50,15,27,180,2,0,6900,2256,288,13,31,438,122,4,2.570706271,2.742127324,161,34,58,113,43,3,4,4,1,8,0.238938053
00-0033537,Deshaun Watson,HOU,"https://static.www.nfl.com/image/private/f_auto,q_auto/league/otfs2docj6eahaebo5xn",2020,16,665,114.5792282,133.4439554,14.33218831,0.165472717,112.4004289,4.81444248,382,544,4823,33,7,49,293,4,2,4837,1976,221,19,19,420,79,5,2.852324723,2.742127324,168,75,47,171,90,444,3,4,1,31,0.286549708
00-0022942,Philip Rivers,IND,"https://static.www.nfl.com/image/private/f_auto,q_auto/league/voakyrtj34sghkwxaxxf",2020,17,606,104.203771,118.0913875,-10.11869763,0.132841128,96.99585635,1.616752752,396,589,4478,26,11,19,118,2,1,4235,2346,217,14,17,406,84,11,2.52062963,2.742127324,124,37,37,93,19,-9,0,0,0,0,0.204301075
00-0034855,Baker Mayfield,CLE,"https://static.www.nfl.com/image/private/f_auto,q_auto/league/aztmh1hzf253ntkzjgkn",2020,18,609,98.12014113,103.6443783,-5.290482397,0.134681218,95.90192044,0.70539054,349,557,4030,30,9,27,170,4,3,4555,1621,211,28,21,339,85,8,3.050419958,2.742127324,179,49,26,101,62,179,1,3,1,22,0.267326733
00-0034796,Lamar Jackson,BAL,"https://static.www.nfl.com/image/private/f_auto,q_auto/league/gylnuxkxgm3zd4j0d0ku",2020,17,622,96.43245661,45.52268626,44.34487557,0.116835125,99.34618794,-0.587091268,273,424,3098,26,11,37,198,5,2,3624,1299,150,9,20,274,64,6,2.977847185,2.742127324,104,49,24,102,184,1175,8,6,2,63,0.362745098
00-0036355,Justin Herbert,LAC,"https://static.www.nfl.com/image/private/f_auto,q_auto/league/qknkhe4w6liovjubzmnh",2020,15,663,82.11475047,89.51523721,0.664679232,0.110354133,98.27380952,1.452913548,396,595,4336,31,10,32,218,4,1,4373,2215,216,7,23,447,105,7,2.687417936,2.742127324,170,85,70,187,55,234,5,4,0,20,0.171122995
00-0029604,Kirk Cousins,MIN,"https://static.www.nfl.com/image/private/f_auto,q_auto/league/h9ndf9ralxifgjvot2q4",2020,16,573,75.01774824,91.68942305,1.646552935,0.150221024,104.998385,4.33232356,349,516,4265,35,13,39,256,8,4,4103,1936,212,27,18,395,67,11,2.884070175,2.742127324,181,56,78,173,32,156,1,1,1,16,0.225433526
00-0026143,Matt Ryan,ATL,"https://static.www.nfl.com/image/private/f_auto,q_auto/league/s6zam4ekrrnonsck6vak",2020,16,680,66.21574328,68.41089269,0.824625089,0.105738159,93.27742279,0.864084382,407,626,4581,26,11,41,257,4,2,5342,1642,242,18,33,458,89,6,2.8736848,2.742127324,204,55,70,166,29,92,2,2,1,8,0.246987952
00-0029263,Russell Wilson,SEA,"https://static.www.nfl.com/image/private/f_auto,q_auto/league/gebzv2aljujgleboe4ns",2020,17,698,64.58263287,62.7436775,4.965995789,0.137013009,105.0701912,4.026530408,395,585,4386,42,14,52,333,2,2,5201,1867,218,24,27,424,84,4,2.973149013,2.742127324,206,65,67,179,87,563,2,4,2,27,0.290502793
00-0035228,Kyler Murray,ARI,"https://static.www.nfl.com/image/private/f_auto,q_auto/league/nkb9x92lbea6ayknzoba",2020,16,692,59.12051774,33.80379362,43.9316952,0.115792815,94.31003584,2.533698762,375,558,3971,26,12,27,176,4,4,4340,1758,205,25,13,405,88,14,2.737454545,2.742127324,156,55,24,106,133,819,11,5,0,52,0.254716981
00-0026498,Matthew Stafford,DET,"https://static.www.nfl.com/image/private/f_auto,q_auto/league/eteieq8zzws1fbcgzbip",2020,16,578,55.6659013,55.84689821,4.182768688,0.106004871,96.33838384,-1.061556493,339,528,4084,26,10,38,254,2,1,4609,1741,205,7,33,399,94,7,2.654399232,2.742127324,179,45,39,122,29,112,0,0,0,12,0.31147541
00-0031280,Derek Carr,LV,"https://static.www.nfl.com/image/private/f_auto,q_auto/league/l1eqjrajbnisr91dmlcl",2020,16,563,54.56669848,60.12634749,7.822110836,0.138157211,101.3982914,2.771420156,348,517,4103,27,9,26,150,8,7,4184,1956,193,20,20,389,79,5,2.782576998,2.742127324,173,56,30,112,39,140,3,3,1,16,0.232142857
00-0020531,Drew Brees,NO,"https://static.www.nfl.com/image/private/f_auto,q_auto/league/i20xlpzdmn7xubotijjd",2020,14,479,45.50306244,64.77298575,-8.222029092,0.113529417,106.3782051,1.196375218,322,463,3341,27,9,13,89,6,2,2723,1700,169,7,21,308,51,3,2.661270619,2.742127324,92,13,33,59,23,3,2,1,0,7,0.220338983
00-0022924,Ben Roethlisberger,PIT,"https://static.www.nfl.com/image/private/f_auto,q_auto/league/vziogpnyp9d0xtpiuqhr",2020,16,697,38.7047194,63.03903472,-27.66119481,0.090076912,94.0720943,-1.8058433,446,676,4304,37,14,13,118,2,0,4785,2136,222,2,39,463,91,13,2.300105263,2.742127324,175,42,51,106,26,11,0,3,1,3,0.122641509
00-0031237,Teddy Bridgewater,CAR,"https://static.www.nfl.com/image/private/f_auto,q_auto/league/q5p8afhezmpvc1xbwibf",2020,15,559,35.03486216,33.51192774,11.53534865,0.11334945,92.13245257,2.26174881,340,492,3733,15,11,31,205,2,2,3511,1880,174,19,20,379,61,5,2.602702041,2.742127324,154,42,38,111,53,279,5,4,1,18,0.279279279
00-0036442,Joe Burrow,CIN,"https://static.www.nfl.com/image/private/f_auto,q_auto/league/pbl27kxsr5ulgxmvtvfn",2020,10,457,24.92614821,48.96672496,-0.141220696,0.105986485,89.83085809,3.668882442,264,404,2688,13,5,32,231,5,3,3433,1138,150,8,19,296,58,4,2.648600998,2.742127324,138,30,47,109,37,142,3,4,1,14,0.293577982
00-0033106,Jared Goff,LA,"https://static.www.nfl.com/image/private/f_auto,q_auto/league/s4hzfab5iglq2tmjb0xy",2020,17,657,17.88842498,24.70775425,-9.86819825,0.079726345,90.03623188,0.399274415,400,598,4281,22,13,29,202,5,3,3929,2261,210,24,27,413,84,6,2.759096364,2.742127324,185,42,54,119,56,109,4,2,1,13,0.243697479
00-0027973,Andy Dalton,DAL,"https://static.www.nfl.com/image/private/f_auto,q_auto/league/yhkh8vtc5ocjo3iyn9ug",2020,11,377,-5.079819088,-11.20087005,2.241580734,0.056790387,87.29354354,0.005685189,216,333,2170,14,8,24,184,1,0,2278,1043,116,14,21,250,48,5,2.499267267,2.742127324,119,15,25,64,28,114,0,1,1,11,0.375
00-0033319,Nick Mullens,SF,"https://static.www.nfl.com/image/private/f_auto,q_auto/league/mpchc6rhn3xclnzjkktl",2020,10,342,-15.12589434,3.018368974,-2.545378165,0.059355427,84.1002045,-3.109229791,211,326,2437,12,12,19,139,5,4,2053,1239,120,6,17,241,48,7,2.631662577,2.742127324,116,33,56,108,9,8,0,0,0,1,0.175925926
00-0027939,Cam Newton,NE,"https://static.www.nfl.com/image/private/f_auto,q_auto/league/zwmgw2gmnn2kch4nquft",2020,15,517,-18.28416564,-4.540038942,20.2935531,0.062680655,82.89175725,-2.559244739,242,368,2657,8,10,31,195,1,0,2496,1258,133,11,15,265,70,9,2.838898907,2.742127324,178,48,30,109,137,592,12,5,1,55,0.28440367
00-0036212,Tua Tagovailoa,MIA,"https://static.www.nfl.com/image/private/f_auto,q_auto/league/dyrrl1knhcxqjwuvhcwm",2020,10,336,-18.66756898,-13.51018925,2.237040388,0.05464429,87.0545977,-1.393145068,186,290,1814,11,5,20,136,1,1,2175,766,100,5,12,209,53,2,2.545083624,2.742127324,115,14,14,48,36,109,3,0,0,13,0.416666667
00-0035710,Daniel Jones,NYG,"https://static.www.nfl.com/image/private/f_auto,q_auto/league/af6nbjqa6qubnu8oi4ms",2020,14,541,-29.60786591,-23.48068888,-0.770125977,0.034864218,80.42224702,-0.527399841,280,448,2943,11,10,45,286,8,4,3402,1114,158,14,23,325,76,8,2.758612108,2.742127324,200,56,55,156,65,423,1,3,2,17,0.288461538
00-0023436,Alex Smith,WAS,"https://static.www.nfl.com/image/private/f_auto,q_auto/league/dpa5d1a8jj6jdymocjkx",2020,8,277,-37.20988531,-32.687869,-6.434063424,0.022235536,78.50529101,-1.248909841,168,252,1582,6,8,22,139,1,0,1286,949,74,12,8,183,42,4,2.630115079,2.742127324,63,37,27,86,10,3,0,1,0,0,0.255813953
00-0035704,Drew Lock,DEN,"https://static.www.nfl.com/image/private/f_auto,q_auto/league/nkqhnr3mexaycazc3pin",2020,13,493,-43.07282462,-33.71887467,1.362214119,0.023464206,75.38092551,-3.87865851,254,443,2933,16,15,19,123,4,3,3903,1399,145,13,25,295,98,5,2.872619048,2.742127324,148,53,46,118,44,160,3,4,0,13,0.161016949
00-0029567,Nick Foles,CHI,"https://static.www.nfl.com/image/private/f_auto,q_auto/league/dxuz2ir773wylutxo7zs",2020,9,330,-51.52767101,-33.65516344,-6.658683738,0.043282479,80.76923077,1.371139102,202,312,1852,10,8,18,145,1,0,2502,701,93,11,9,229,48,5,2.51433119,2.742127324,99,15,41,74,16,1,1,0,0,2,0.243243243
00-0035232,Dwayne Haskins,WAS,"https://static.www.nfl.com/image/private/f_auto,q_auto/league/cctguuvjeglkuo1o6yvx",2020,7,271,-52.95197255,-39.5721505,0.977252353,-0.004023109,72.95124481,-7.126084434,148,241,1439,5,7,20,141,5,3,1622,867,73,4,12,165,53,5,2.552485477,2.742127324,66,17,24,61,20,46,1,1,0,6,0.327868852
00-0034869,Sam Darnold,NYJ,"https://static.www.nfl.com/image/private/f_auto,q_auto/league/rmjuft9a2mmkka1steof",2020,12,424,-68.28941279,-76.96315394,12.57317406,0.01437556,72.68772894,-3.153729097,217,364,2208,9,11,35,234,4,2,2794,1155,109,21,14,244,62,7,2.853282548,2.742127324,143,43,38,116,37,217,2,0,0,13,0.301724138
00-0032950,Carson Wentz,PHI,"https://static.www.nfl.com/image/private/f_auto,q_auto/league/indtay8ngoq8ubhhydbp",2020,12,537,-78.52780945,-86.99833394,10.76429433,0.011150019,72.83085431,-4.103545676,251,437,2620,16,15,50,326,7,3,3833,1018,130,21,23,292,90,6,2.910318807,2.742127324,167,35,64,149,52,276,5,3,1,25,0.33557047
00-0033873,Patrick Mahomes,KC,"https://static.www.nfl.com/image/private/f_auto,q_auto/league/vs40h82nvqaqvyephwwu",2021,20,867,190.7972396,173.7361646,21.865044,0.154968541,98.45491388,-2.080776407,525,780,5896,48,16,37,227,7,2,5519,3324,316,32,31,485,118,7,2.840095745,2.774652112,112,76,58,162,79,498,3,3,2,30,0.228395062
00-0034857,Josh Allen,BUF,"https://static.www.nfl.com/image/private/f_auto,q_auto/league/btfnqtymqsqgybnv4u6n",2021,19,806,156.0474241,120.9491907,69.80169261,0.142174181,92.16976264,-0.859132342,457,708,5044,45,15,28,180,4,1,5823,1959,261,32,35,459,107,16,2.901981424,2.774652112,182,95,64,185,139,897,6,5,2,63,0.151351351
00-0019596,Tom Brady,TB,"https://static.www.nfl.com/image/private/f_auto,q_auto/league/q7dpdlxyu5rs05rgh1le",2021,19,849,150.2241457,139.9857666,3.850478549,0.125902318,102.0775382,-0.950349575,544,810,5916,46,13,29,193,4,3,6417,2851,297,13,32,531,127,8,2.498658298,2.774652112,176,30,31,83,29,81,2,1,1,14,0.34939759
00-0026498,Matthew Stafford,LA,"https://static.www.nfl.com/image/private/f_auto,q_auto/league/eteieq8zzws1fbcgzbip",2021,21,796,142.2161343,165.5823571,-12.50877072,0.143656613,102.9291459,-0.584375772,502,741,6074,50,20,37,285,4,2,6296,2667,291,3,31,458,111,9,2.797039933,2.774652112,137,32,42,104,50,85,2,1,0,13,0.355769231
00-0036355,Justin Herbert,LAC,"https://static.www.nfl.com/image/private/f_auto,q_auto/league/qknkhe4w6liovjubzmnh",2021,17,753,123.4498929,118.1847038,11.15809903,0.122664964,97.65625,-0.342514949,443,672,5014,38,15,31,214,1,1,5069,2392,256,14,38,527,96,17,2.825044709,2.774652112,155,51,61,143,63,302,3,0,0,28,0.216783217
00-0036442,Joe Burrow,CIN,"https://static.www.nfl.com/image/private/f_auto,q_auto/league/pbl27kxsr5ulgxmvtvfn",2021,20,760,95.54292685,99.67233107,10.18989884,0.145409606,108.2612179,5.973437539,463,662,5716,39,16,70,507,4,2,5104,2872,250,12,23,419,54,8,2.690088803,2.774652112,125,46,48,145,51,149,2,1,0,20,0.482758621
00-0023459,Aaron Rodgers,GB,"https://static.www.nfl.com/image/private/f_auto,q_auto/league/mee42twdk3qpcdotzdka",2021,17,330,82.20061657,128.677823,5.831224215,0.168571513,111.8997175,3.340474699,386,560,4340,37,4,35,217,2,0,4298,2317,221,18,13,394,93,8,2.630501894,2.774652112,135,59,40,129,33,101,3,2,0,10,0.271317829
00-0033077,Dak Prescott,DAL,"https://static.www.nfl.com/image/private/f_auto,q_auto/league/ofhu8bvafse5folcjzyu",2021,17,709,79.2388193,95.01310126,-22.8443109,0.097589518,104.215604,2.153518495,433,639,4703,38,11,35,184,8,3,4984,2125,238,11,28,452,86,10,2.745936242,2.774652112,187,46,48,124,52,173,2,8,3,9,0.282258065
00-0031345,Jimmy Garoppolo,SF,"https://static.www.nfl.com/image/private/f_auto,q_auto/league/fuepwtifp7wd9grpzvwb",2021,18,562,70.66009255,91.82366373,2.35661203,0.117857007,98.73866213,1.227567166,344,515,4345,22,15,33,226,4,2,3732,2284,202,11,23,348,55,5,2.667164384,2.774652112,100,24,36,89,40,56,3,5,1,15,0.370786517
00-0029604,Kirk Cousins,MIN,"https://static.www.nfl.com/image/private/f_auto,q_auto/league/h9ndf9ralxifgjvot2q4",2021,16,600,63.03377515,71.74958332,-4.479162721,0.107745814,103.1008616,2.378683313,372,561,4221,33,7,28,197,10,2,4575,1805,192,13,22,418,93,4,2.755692446,2.774652112,168,68,65,161,29,115,1,2,0,8,0.173913043
00-0036389,Jalen Hurts,PHI,"https://static.www.nfl.com/image/private/f_auto,q_auto/league/iv04omcunr78zezpnf8t",2021,16,630,51.43260309,9.234945737,39.81122891,0.075109674,87.19135802,-0.164538376,288,475,3402,17,11,28,164,7,1,4347,1635,153,22,22,319,57,11,3.122544186,2.774652112,124,76,32,134,147,823,10,3,1,57,0.208955224
00-0031237,Teddy Bridgewater,DEN,"https://static.www.nfl.com/image/private/f_auto,q_auto/league/q5p8afhezmpvc1xbwibf",2021,14,471,51.37398005,57.95557155,1.645638729,0.128138926,94.92370892,2.015580737,285,426,3052,18,7,31,211,0,0,3424,1387,146,20,13,316,68,9,2.914507042,2.774652112,118,64,42,137,30,106,2,1,1,16,0.226277372
00-0035228,Kyler Murray,ARI,"https://static.www.nfl.com/image/private/f_auto,q_auto/league/nkb9x92lbea6ayknzoba",2021,15,624,43.63940541,44.35874741,6.748772921,0.101664866,100.5500693,3.90065002,352,515,3924,24,12,33,301,3,0,4090,1895,179,19,16,367,65,10,2.773259875,2.774652112,108,68,13,112,90,429,5,10,0,26,0.294642857
00-0029701,Ryan Tannehill,TEN,"https://static.www.nfl.com/image/private/f_auto,q_auto/league/ns30g7th6gkhjaeoivgj",2021,18,640,37.48292348,20.15929538,31.58654247,0.107055536,89.60687382,0.30976224,372,555,3954,23,17,48,334,6,3,4214,1817,201,9,23,411,83,10,2.681290566,2.774652112,166,31,64,142,58,282,7,4,1,33,0.338028169
00-0034796,Lamar Jackson,BAL,"https://static.www.nfl.com/image/private/f_auto,q_auto/league/gylnuxkxgm3zd4j0d0ku",2021,12,543,29.76217826,19.17170087,16.46211211,0.084120087,86.96553229,-1.595412776,246,382,2882,16,13,38,190,3,1,3531,1153,135,7,18,272,73,9,2.957595238,2.774652112,151,39,29,106,133,767,2,3,2,48,0.358490566
00-0036972,Mac Jones,NE,"https://static.www.nfl.com/image/private/f_auto,q_auto/league/hhexcwf5oe7onhlemzq9",2021,18,620,27.81348542,54.25819697,1.727722996,0.116200384,92.46241203,1.246866275,376,559,4033,24,15,31,257,4,2,4401,1861,190,12,16,386,90,9,2.707592308,2.774652112,181,29,47,104,46,147,0,3,1,23,0.298076923
00-0036212,Tua Tagovailoa,MIA,"https://static.www.nfl.com/image/private/f_auto,q_auto/league/dyrrl1knhcxqjwuvhcwm",2021,13,432,14.2246011,20.85596813,-5.070938457,0.085253212,90.06658076,0.894377148,263,388,2653,16,10,20,152,7,1,2749,1217,137,6,17,305,62,1,2.523516796,2.774652112,100,45,24,89,42,128,3,2,0,13,0.224719101
00-0032950,Carson Wentz,IND,"https://static.www.nfl.com/image/private/f_auto,q_auto/league/indtay8ngoq8ubhhydbp",2021,17,591,12.4560684,12.84673,8.804901858,0.070375608,94.64631783,-2.344796092,322,516,3563,27,7,32,227,4,4,3943,1650,165,17,25,368,94,8,2.834313953,2.774652112,156,41,75,148,57,215,1,4,1,21,0.216216216
00-0031280,Derek Carr,LV,"https://static.www.nfl.com/image/private/f_auto,q_auto/league/l1eqjrajbnisr91dmlcl",2021,18,735,11.85703173,40.25589514,-1.861388104,0.100737483,93.96299255,2.22009774,457,680,5114,24,15,43,269,10,6,5495,2406,232,21,26,466,94,10,2.820698234,2.774652112,167,58,48,146,41,128,0,4,0,10,0.294520548
00-0029263,Russell Wilson,SEA,"https://static.www.nfl.com/image/private/f_auto,q_auto/league/gebzv2aljujgleboe4ns",2021,14,464,7.498350022,16.50603137,-2.427913869,0.092511128,103.0520833,0.221485213,259,400,3113,25,6,33,266,4,1,3955,1383,135,13,16,296,72,3,2.797535,2.774652112,113,48,42,123,43,183,2,2,0,17,0.268292683
00-0034855,Baker Mayfield,CLE,"https://static.www.nfl.com/image/private/f_auto,q_auto/league/aztmh1hzf253ntkzjgkn",2021,14,484,-16.24894064,-6.556413046,6.111318557,0.048128323,83.12400319,-3.512985367,253,418,3010,17,13,43,269,5,3,3651,1391,143,14,20,296,84,11,2.818795673,2.774652112,124,52,18,113,37,134,1,1,0,12,0.380530973
00-0035710,Daniel Jones,NYG,"https://static.www.nfl.com/image/private/f_auto,q_auto/league/af6nbjqa6qubnu8oi4ms",2021,11,429,-16.54044752,-12.45188125,5.521667821,0.047797767,84.81648199,0.183972008,232,361,2428,10,7,22,160,5,2,2644,1094,116,12,19,265,64,5,2.781375,2.774652112,120,37,36,95,62,298,2,2,1,16,0.231578947
00-0032156,Trevor Siemian,NO,"https://static.www.nfl.com/image/private/f_auto,q_auto/league/vmksfbms9zefxezf39sb",2021,6,202,-19.90191067,-6.704305688,-3.771585125,0.032868771,88.38652482,-3.237880021,108,188,1154,11,3,9,64,3,1,1334,502,61,11,7,131,26,6,2.865420213,2.774652112,47,20,16,45,9,20,1,0,0,2,0.2
00-0026143,Matt Ryan,ATL,"https://static.www.nfl.com/image/private/f_auto,q_auto/league/s6zam4ekrrnonsck6vak",2021,17,618,-21.88488988,8.224791799,-18.90199176,0.070778578,90.38690476,0.93730809,375,560,3968,20,12,40,274,5,3,4001,1721,195,15,21,425,79,9,2.772871199,2.774652112,166,48,84,172,40,82,1,5,1,9,0.23255814
00-0031800,Taylor Heinicke,WAS,"https://static.www.nfl.com/image/private/f_auto,q_auto/league/zunxw11biqseswegsjtg",2021,16,578,-42.16213581,-26.51631558,4.294262291,0.052925025,85.91430499,-0.183182784,321,494,3419,20,15,38,278,4,2,3777,1749,167,8,18,365,80,9,2.972771894,2.774652112,145,55,47,140,60,313,1,3,0,20,0.271428571
00-0036898,Davis Mills,HOU,"https://static.www.nfl.com/image/private/f_auto,q_auto/league/objv34ak0xhzjvixm5sr",2021,13,432,-51.64734039,-45.73431006,-8.340931497,0.02536364,88.84306261,0.498720239,263,394,2664,16,10,31,206,5,1,2869,1232,118,13,12,287,66,11,2.672818878,2.774652112,121,30,30,91,18,44,0,0,0,5,0.340659341
00-0033106,Jared Goff,DET,"https://static.www.nfl.com/image/private/f_auto,q_auto/league/s4hzfab5iglq2tmjb0xy",2021,14,534,-54.38252521,-28.79608354,-13.91352125,0.039007775,91.5317139,0.774649345,332,494,3245,19,8,35,280,6,4,3148,1754,162,21,21,375,77,5,2.773216769,2.774652112,110,50,48,133,17,87,0,3,2,4,0.263157895
00-0036945,Justin Fields,CHI,"https://static.www.nfl.com/image/private/f_auto,q_auto/league/wllk6sizrqmxhcjavard",2021,12,365,-62.33988193,-64.92877211,6.72785522,0.013884279,73.22530864,-2.979004302,159,270,1870,7,10,36,264,8,4,2636,692,83,8,18,189,57,3,2.912216418,2.774652112,96,29,31,96,72,420,2,4,1,22,0.375
00-0022924,Ben Roethlisberger,PIT,"https://static.www.nfl.com/image/private/f_auto,q_auto/league/vziogpnyp9d0xtpiuqhr",2021,17,686,-63.20772746,-48.21338465,-1.537854587,0.032528093,86.79407713,-3.654751492,419,649,3955,24,10,40,253,11,5,4375,2040,203,6,30,451,110,13,2.380635158,2.774652112,145,44,38,120,22,4,1,1,0,3,0.333333333
00-0036971,Trevor Lawrence,JAX,"https://static.www.nfl.com/image/private/f_auto,q_auto/league/nel2x2crpaasltsb6vwj",2021,17,692,-70.69727804,-60.0128596,11.31414162,0.009179684,71.85769657,-5.409960002,359,602,3641,12,17,32,238,7,5,4732,1633,177,18,33,414,119,8,2.868449082,2.774652112,147,67,52,151,73,334,2,2,0,22,0.21192053
00-0034869,Sam Darnold,CAR,"https://static.www.nfl.com/image/private/f_auto,q_auto/league/rmjuft9a2mmkka1steof",2021,12,475,-80.56024341,-77.76657972,3.878886218,-0.001650731,71.94170772,-5.076236944,243,406,2527,9,13,35,204,7,2,2940,1377,123,22,27,286,71,6,2.876455665,2.774652112,128,60,40,135,48,222,5,2,2,21,0.259259259
00-0037013,Zach Wilson,NYJ,"https://static.www.nfl.com/image/private/f_auto,q_auto/league/gr2wm3rg1bcgtpj58i7l",2021,13,452,-87.46560187,-94.73218636,6.559972203,-0.028900582,69.68559617,-10.27336084,213,383,2334,9,11,44,370,5,1,2890,1094,112,16,25,256,87,5,2.999157068,2.774652112,127,66,26,136,29,185,4,0,0,10,0.323529412